{
	"BUILD_DIR" : "/home/kamotora/CLionProjects/itoi/cmake-build-debug/itoi_autogen",
	"CMAKE_BINARY_DIR" : "/home/kamotora/CLionProjects/itoi/cmake-build-debug",
	"CMAKE_CURRENT_BINARY_DIR" : "/home/kamotora/CLionProjects/itoi/cmake-build-debug",
	"CMAKE_CURRENT_SOURCE_DIR" : "/home/kamotora/CLionProjects/itoi",
	"CMAKE_EXECUTABLE" : "/home/kamotora/jetbrains/apps/CLion/ch-0/211.5787.12/bin/cmake/linux/bin/cmake",
	"CMAKE_LIST_FILES" : 
	[
		"/home/kamotora/CLionProjects/itoi/CMakeLists.txt",
		"/home/kamotora/CLionProjects/itoi/cmake-build-debug/CMakeFiles/3.19.2/CMakeSystem.cmake",
		"/home/kamotora/jetbrains/apps/CLion/ch-0/211.5787.12/bin/cmake/linux/share/cmake-3.19/Modules/CMakeSystemSpecificInitialize.cmake",
		"/home/kamotora/CLionProjects/itoi/cmake-build-debug/CMakeFiles/3.19.2/CMakeCCompiler.cmake",
		"/home/kamotora/CLionProjects/itoi/cmake-build-debug/CMakeFiles/3.19.2/CMakeCXXCompiler.cmake",
		"/home/kamotora/jetbrains/apps/CLion/ch-0/211.5787.12/bin/cmake/linux/share/cmake-3.19/Modules/CMakeSystemSpecificInformation.cmake",
		"/home/kamotora/jetbrains/apps/CLion/ch-0/211.5787.12/bin/cmake/linux/share/cmake-3.19/Modules/CMakeGenericSystem.cmake",
		"/home/kamotora/jetbrains/apps/CLion/ch-0/211.5787.12/bin/cmake/linux/share/cmake-3.19/Modules/CMakeInitializeConfigs.cmake",
		"/home/kamotora/jetbrains/apps/CLion/ch-0/211.5787.12/bin/cmake/linux/share/cmake-3.19/Modules/Platform/Linux.cmake",
		"/home/kamotora/jetbrains/apps/CLion/ch-0/211.5787.12/bin/cmake/linux/share/cmake-3.19/Modules/Platform/UnixPaths.cmake",
		"/home/kamotora/jetbrains/apps/CLion/ch-0/211.5787.12/bin/cmake/linux/share/cmake-3.19/Modules/CMakeFindCodeBlocks.cmake",
		"/home/kamotora/jetbrains/apps/CLion/ch-0/211.5787.12/bin/cmake/linux/share/cmake-3.19/Modules/CMakeExtraGeneratorDetermineCompilerMacrosAndIncludeDirs.cmake",
		"/home/kamotora/jetbrains/apps/CLion/ch-0/211.5787.12/bin/cmake/linux/share/cmake-3.19/Modules/ProcessorCount.cmake",
		"/home/kamotora/jetbrains/apps/CLion/ch-0/211.5787.12/bin/cmake/linux/share/cmake-3.19/Modules/CMakeCInformation.cmake",
		"/home/kamotora/jetbrains/apps/CLion/ch-0/211.5787.12/bin/cmake/linux/share/cmake-3.19/Modules/CMakeLanguageInformation.cmake",
		"/home/kamotora/jetbrains/apps/CLion/ch-0/211.5787.12/bin/cmake/linux/share/cmake-3.19/Modules/Compiler/GNU-C.cmake",
		"/home/kamotora/jetbrains/apps/CLion/ch-0/211.5787.12/bin/cmake/linux/share/cmake-3.19/Modules/Compiler/GNU.cmake",
		"/home/kamotora/jetbrains/apps/CLion/ch-0/211.5787.12/bin/cmake/linux/share/cmake-3.19/Modules/Compiler/CMakeCommonCompilerMacros.cmake",
		"/home/kamotora/jetbrains/apps/CLion/ch-0/211.5787.12/bin/cmake/linux/share/cmake-3.19/Modules/Platform/Linux-GNU-C.cmake",
		"/home/kamotora/jetbrains/apps/CLion/ch-0/211.5787.12/bin/cmake/linux/share/cmake-3.19/Modules/Platform/Linux-GNU.cmake",
		"/home/kamotora/jetbrains/apps/CLion/ch-0/211.5787.12/bin/cmake/linux/share/cmake-3.19/Modules/CMakeCommonLanguageInclude.cmake",
		"/home/kamotora/jetbrains/apps/CLion/ch-0/211.5787.12/bin/cmake/linux/share/cmake-3.19/Modules/CMakeCXXInformation.cmake",
		"/home/kamotora/jetbrains/apps/CLion/ch-0/211.5787.12/bin/cmake/linux/share/cmake-3.19/Modules/CMakeLanguageInformation.cmake",
		"/home/kamotora/jetbrains/apps/CLion/ch-0/211.5787.12/bin/cmake/linux/share/cmake-3.19/Modules/Compiler/GNU-CXX.cmake",
		"/home/kamotora/jetbrains/apps/CLion/ch-0/211.5787.12/bin/cmake/linux/share/cmake-3.19/Modules/Compiler/GNU.cmake",
		"/home/kamotora/jetbrains/apps/CLion/ch-0/211.5787.12/bin/cmake/linux/share/cmake-3.19/Modules/Platform/Linux-GNU-CXX.cmake",
		"/home/kamotora/jetbrains/apps/CLion/ch-0/211.5787.12/bin/cmake/linux/share/cmake-3.19/Modules/Platform/Linux-GNU.cmake",
		"/home/kamotora/jetbrains/apps/CLion/ch-0/211.5787.12/bin/cmake/linux/share/cmake-3.19/Modules/CMakeCommonLanguageInclude.cmake",
		"/usr/lib/x86_64-linux-gnu/cmake/Qt5/Qt5ConfigVersion.cmake",
		"/usr/lib/x86_64-linux-gnu/cmake/Qt5/Qt5Config.cmake",
		"/usr/lib/x86_64-linux-gnu/cmake/Qt5/Qt5ModuleLocation.cmake",
		"/usr/lib/x86_64-linux-gnu/cmake/Qt5Core/Qt5CoreConfigVersion.cmake",
		"/usr/lib/x86_64-linux-gnu/cmake/Qt5Core/Qt5CoreConfig.cmake",
		"/usr/lib/x86_64-linux-gnu/cmake/Qt5Core/Qt5CoreConfigExtras.cmake",
		"/usr/lib/x86_64-linux-gnu/cmake/Qt5Core/Qt5CoreConfigExtrasMkspecDir.cmake",
		"/usr/lib/x86_64-linux-gnu/cmake/Qt5Core/Qt5CoreMacros.cmake",
		"/home/kamotora/jetbrains/apps/CLion/ch-0/211.5787.12/bin/cmake/linux/share/cmake-3.19/Modules/CMakeParseArguments.cmake",
		"/usr/lib/x86_64-linux-gnu/cmake/Qt5Gui/Qt5GuiConfigVersion.cmake",
		"/usr/lib/x86_64-linux-gnu/cmake/Qt5Gui/Qt5GuiConfig.cmake",
		"/usr/lib/x86_64-linux-gnu/cmake/Qt5Gui/Qt5Gui_QComposePlatformInputContextPlugin.cmake",
		"/usr/lib/x86_64-linux-gnu/cmake/Qt5Gui/Qt5Gui_QEglFSEmulatorIntegrationPlugin.cmake",
		"/usr/lib/x86_64-linux-gnu/cmake/Qt5Gui/Qt5Gui_QEglFSIntegrationPlugin.cmake",
		"/usr/lib/x86_64-linux-gnu/cmake/Qt5Gui/Qt5Gui_QEglFSKmsEglDeviceIntegrationPlugin.cmake",
		"/usr/lib/x86_64-linux-gnu/cmake/Qt5Gui/Qt5Gui_QEglFSKmsGbmIntegrationPlugin.cmake",
		"/usr/lib/x86_64-linux-gnu/cmake/Qt5Gui/Qt5Gui_QEglFSX11IntegrationPlugin.cmake",
		"/usr/lib/x86_64-linux-gnu/cmake/Qt5Gui/Qt5Gui_QEvdevKeyboardPlugin.cmake",
		"/usr/lib/x86_64-linux-gnu/cmake/Qt5Gui/Qt5Gui_QEvdevMousePlugin.cmake",
		"/usr/lib/x86_64-linux-gnu/cmake/Qt5Gui/Qt5Gui_QEvdevTabletPlugin.cmake",
		"/usr/lib/x86_64-linux-gnu/cmake/Qt5Gui/Qt5Gui_QEvdevTouchScreenPlugin.cmake",
		"/usr/lib/x86_64-linux-gnu/cmake/Qt5Gui/Qt5Gui_QGifPlugin.cmake",
		"/usr/lib/x86_64-linux-gnu/cmake/Qt5Gui/Qt5Gui_QICOPlugin.cmake",
		"/usr/lib/x86_64-linux-gnu/cmake/Qt5Gui/Qt5Gui_QIbusPlatformInputContextPlugin.cmake",
		"/usr/lib/x86_64-linux-gnu/cmake/Qt5Gui/Qt5Gui_QJpegPlugin.cmake",
		"/usr/lib/x86_64-linux-gnu/cmake/Qt5Gui/Qt5Gui_QLibInputPlugin.cmake",
		"/usr/lib/x86_64-linux-gnu/cmake/Qt5Gui/Qt5Gui_QLinuxFbIntegrationPlugin.cmake",
		"/usr/lib/x86_64-linux-gnu/cmake/Qt5Gui/Qt5Gui_QMinimalEglIntegrationPlugin.cmake",
		"/usr/lib/x86_64-linux-gnu/cmake/Qt5Gui/Qt5Gui_QMinimalIntegrationPlugin.cmake",
		"/usr/lib/x86_64-linux-gnu/cmake/Qt5Gui/Qt5Gui_QOffscreenIntegrationPlugin.cmake",
		"/usr/lib/x86_64-linux-gnu/cmake/Qt5Gui/Qt5Gui_QTuioTouchPlugin.cmake",
		"/usr/lib/x86_64-linux-gnu/cmake/Qt5Gui/Qt5Gui_QVncIntegrationPlugin.cmake",
		"/usr/lib/x86_64-linux-gnu/cmake/Qt5Gui/Qt5Gui_QXcbEglIntegrationPlugin.cmake",
		"/usr/lib/x86_64-linux-gnu/cmake/Qt5Gui/Qt5Gui_QXcbGlxIntegrationPlugin.cmake",
		"/usr/lib/x86_64-linux-gnu/cmake/Qt5Gui/Qt5Gui_QXcbIntegrationPlugin.cmake",
		"/usr/lib/x86_64-linux-gnu/cmake/Qt5Gui/Qt5GuiConfigExtras.cmake",
		"/usr/lib/x86_64-linux-gnu/cmake/Qt5Widgets/Qt5WidgetsConfigVersion.cmake",
		"/usr/lib/x86_64-linux-gnu/cmake/Qt5Widgets/Qt5WidgetsConfig.cmake",
		"/usr/lib/x86_64-linux-gnu/cmake/Qt5Widgets/Qt5WidgetsConfigExtras.cmake",
		"/usr/lib/x86_64-linux-gnu/cmake/Qt5Widgets/Qt5WidgetsMacros.cmake",
		"/home/kamotora/jetbrains/apps/CLion/ch-0/211.5787.12/bin/cmake/linux/share/cmake-3.19/Modules/CMakeParseArguments.cmake"
	],
	"CMAKE_SOURCE_DIR" : "/home/kamotora/CLionProjects/itoi",
	"DEP_FILE" : "",
	"DEP_FILE_RULE_NAME" : "",
	"HEADERS" : 
	[
		[
			"/home/kamotora/CLionProjects/itoi/core/DoubleImage.h",
			"MU",
			"TAC5DWH4SE/moc_DoubleImage.cpp"
		],
		[
			"/home/kamotora/CLionProjects/itoi/core/InputImage.h",
			"MU",
			"TAC5DWH4SE/moc_InputImage.cpp"
		],
		[
			"/home/kamotora/CLionProjects/itoi/core/helper.h",
			"MU",
			"TAC5DWH4SE/moc_helper.cpp"
		],
		[
			"/home/kamotora/CLionProjects/itoi/demonstration/Lab1.h",
			"MU",
			"JYKC7HGMP3/moc_Lab1.cpp"
		],
		[
			"/home/kamotora/CLionProjects/itoi/filter/FilterUtil.h",
			"MU",
			"CSB7XD6IZM/moc_FilterUtil.cpp"
		],
		[
			"/home/kamotora/CLionProjects/itoi/filter/Kernels.h",
			"MU",
			"CSB7XD6IZM/moc_Kernels.cpp"
		],
		[
			"/home/kamotora/CLionProjects/itoi/filter/border/CopyPolicy.h",
			"MU",
			"AZMM5N4WGZ/moc_CopyPolicy.cpp"
		],
		[
			"/home/kamotora/CLionProjects/itoi/filter/border/IBorderPolicy.h",
			"MU",
			"AZMM5N4WGZ/moc_IBorderPolicy.cpp"
		],
		[
			"/home/kamotora/CLionProjects/itoi/filter/border/MirrorPolicy.h",
			"MU",
			"AZMM5N4WGZ/moc_MirrorPolicy.cpp"
		],
		[
			"/home/kamotora/CLionProjects/itoi/filter/border/Policies.h",
			"MU",
			"AZMM5N4WGZ/moc_Policies.cpp"
		],
		[
			"/home/kamotora/CLionProjects/itoi/filter/border/SymmetryPolicy.h",
			"MU",
			"AZMM5N4WGZ/moc_SymmetryPolicy.cpp"
		],
		[
			"/home/kamotora/CLionProjects/itoi/filter/border/ZeroPolicy.h",
			"MU",
			"AZMM5N4WGZ/moc_ZeroPolicy.cpp"
		]
	],
	"HEADER_EXTENSIONS" : [ "h", "hh", "h++", "hm", "hpp", "hxx", "in", "txx" ],
	"INCLUDE_DIR" : "/home/kamotora/CLionProjects/itoi/cmake-build-debug/itoi_autogen/include",
	"MOC_COMPILATION_FILE" : "/home/kamotora/CLionProjects/itoi/cmake-build-debug/itoi_autogen/mocs_compilation.cpp",
	"MOC_DEFINITIONS" : [ "QT_CORE_LIB", "QT_GUI_LIB", "QT_WIDGETS_LIB" ],
	"MOC_DEPEND_FILTERS" : 
	[
		[
			"Q_PLUGIN_METADATA",
			"[\n][ \t]*Q_PLUGIN_METADATA[ \t]*\\([^\\)]*FILE[ \t]*\"([^\"]+)\""
		]
	],
	"MOC_INCLUDES" : 
	[
		"/usr/include/x86_64-linux-gnu/qt5",
		"/usr/include/x86_64-linux-gnu/qt5/QtCore",
		"/usr/lib/x86_64-linux-gnu/qt5/mkspecs/linux-g++",
		"/usr/include/x86_64-linux-gnu/qt5/QtGui",
		"/usr/include/x86_64-linux-gnu/qt5/QtWidgets",
		"/usr/include/c++/9",
		"/usr/include/x86_64-linux-gnu/c++/9",
		"/usr/include/c++/9/backward",
		"/usr/lib/gcc/x86_64-linux-gnu/9/include",
		"/usr/local/include",
		"/usr/include/x86_64-linux-gnu",
		"/usr/include"
	],
	"MOC_MACRO_NAMES" : [ "Q_OBJECT", "Q_GADGET", "Q_NAMESPACE", "Q_NAMESPACE_EXPORT" ],
	"MOC_OPTIONS" : [],
	"MOC_PATH_PREFIX" : false,
	"MOC_PREDEFS_CMD" : 
	[
		"/usr/bin/c++",
		"-dM",
		"-E",
		"-c",
		"/home/kamotora/jetbrains/apps/CLion/ch-0/211.5787.12/bin/cmake/linux/share/cmake-3.19/Modules/CMakeCXXCompilerABI.cpp"
	],
	"MOC_PREDEFS_FILE" : "/home/kamotora/CLionProjects/itoi/cmake-build-debug/itoi_autogen/moc_predefs.h",
	"MOC_RELAXED_MODE" : false,
	"MOC_SKIP" : [],
	"MULTI_CONFIG" : false,
	"PARALLEL" : 6,
	"PARSE_CACHE_FILE" : "/home/kamotora/CLionProjects/itoi/cmake-build-debug/CMakeFiles/itoi_autogen.dir/ParseCache.txt",
	"QT_MOC_EXECUTABLE" : "/usr/lib/qt5/bin/moc",
	"QT_UIC_EXECUTABLE" : "/usr/lib/qt5/bin/uic",
	"QT_VERSION_MAJOR" : 5,
	"QT_VERSION_MINOR" : 12,
	"SETTINGS_FILE" : "/home/kamotora/CLionProjects/itoi/cmake-build-debug/CMakeFiles/itoi_autogen.dir/AutogenUsed.txt",
	"SOURCES" : 
	[
		[ "/home/kamotora/CLionProjects/itoi/core/DoubleImage.cpp", "MU" ],
		[ "/home/kamotora/CLionProjects/itoi/core/InputImage.cpp", "MU" ],
		[ "/home/kamotora/CLionProjects/itoi/core/helper.cpp", "MU" ],
		[ "/home/kamotora/CLionProjects/itoi/demonstration/Lab1.cpp", "MU" ],
		[ "/home/kamotora/CLionProjects/itoi/filter/FilterUtil.cpp", "MU" ],
		[ "/home/kamotora/CLionProjects/itoi/filter/Kernels.cpp", "MU" ],
		[
			"/home/kamotora/CLionProjects/itoi/filter/border/CopyPolicy.cpp",
			"MU"
		],
		[
			"/home/kamotora/CLionProjects/itoi/filter/border/IBorderPolicy.cpp",
			"MU"
		],
		[
			"/home/kamotora/CLionProjects/itoi/filter/border/MirrorPolicy.cpp",
			"MU"
		],
		[ "/home/kamotora/CLionProjects/itoi/filter/border/Policies.cpp", "MU" ],
		[
			"/home/kamotora/CLionProjects/itoi/filter/border/SymmetryPolicy.cpp",
			"MU"
		],
		[
			"/home/kamotora/CLionProjects/itoi/filter/border/ZeroPolicy.cpp",
			"MU"
		],
		[ "/home/kamotora/CLionProjects/itoi/main.cpp", "MU" ]
	],
	"UIC_OPTIONS" : [],
	"UIC_SEARCH_PATHS" : [],
	"UIC_SKIP" : [],
	"UIC_UI_FILES" : [],
	"VERBOSITY" : 0
}
